"video","phase","phase_type","pole_location","safe_location","start_position","time_to_start_moving","time_in_pole_initial","time_in_safe_initial","time_in_safe_total","time_outside_safe_after_reaching","time_to_safe","start_in_pole","first_to_safe","first_to_closest","dist_to_safe","speed_to_safe","previously_safe_first","dead_fly"
"NT_CS_1",2,"trial","M","left","pole",4.17,8.27,51.73,51.73,0,8.27,1,1,0,13.0516330318209,0.0152396387686289,NA,0
"NT_CS_1",4,"trial","M","left","pole",1.67,3.4,56.6,56.6,0,3.4,1,1,1,6.42061857545961,0.0182279655219725,1,0
"NT_CS_1",6,"trial","M","left","pole",2.2,4.07,13.17,53.7,2.2,4.07,1,1,0,47.8766604825543,0.113638506746996,1,0
"NT_CS_1",8,"trial","M","right","pole",3.7,6.87,3.9,48.33,1.23,10.47,1,0,0,33.0978592079597,0.0305233189951181,1,0
"NT_CS_1",10,"trial","M","right","pole",4.27,5.07,54.97,54.97,0,5.07,1,1,1,17.4334829529336,0.0332125386473791,1,0
"NT_CS_1",12,"trial","M","right","pole",3.97,4.3,55.7,55.7,0,4.3,1,1,1,9.00484847228029,0.0202138108832726,1,0
"NT_CS_1",14,"trial","M","left","pole",3.77,6.63,52,52,0,7.97,1,0,1,33.3339707760408,0.0403878420090638,1,0
"NT_CS_1",16,"trial","M","left","pole",2.77,5.97,54.03,54.03,0,5.97,1,1,0,15.427406023738,0.0249575171325111,1,0
"NT_CS_1",18,"trial","M","right","pole",2.53,3.2,56.8,56.8,0,3.2,1,1,1,33.6216395006724,0.1014166249417,0,0
"NT_CS_1",20,"trial","M","left","unsafe",NA,0,NA,NA,NA,NA,0,NA,NA,NA,NA,NA,0
"NT_CS_1",22,"trial","M","right","safe",NA,0,NA,NA,NA,NA,0,NA,NA,NA,NA,NA,0
"NT_CS_1",24,"trial","M","left","pole",4.13,5.37,49.83,49.83,0,10.17,1,0,1,15.0828828609917,0.0143200989249241,1,0
"NT_CS_1",26,"trial","M","right","pole",2.93,4.27,54.1,54.1,0,5.9,1,0,1,14.1848747613595,0.023206718737909,1,0
"NT_CS_1",28,"trial","M","left","pole",2,3.6,54.3,54.3,0,5.73,1,0,0,14.2064166232477,0.0239176000436288,1,0
"NT_CS_1",30,"trial","M","right","pole",1.67,2.43,57.57,57.57,0,2.43,1,1,1,19.3916596058307,0.0769225403521076,0,0
"NT_CS_1",32,"trial","M","right","pole",2.2,3.93,9.03,55.33,0.73,3.93,1,1,1,37.7671027516378,0.0926815230146206,1,0
"NT_CS_1",34,"trial","M","left","pole",3.33,5.27,54.73,54.73,0,5.27,1,1,0,9.29090345404005,0.0170279497349348,0,0
"NT_CS_1",36,"trial","M","right","pole",0.07,2.9,57.1,57.1,0,2.9,1,1,0,14.875370628133,0.0495119512319699,0,0
"NT_CS_1",38,"trial","M","right","pole",3,3.13,32.4,56.63,0.27,3.13,1,1,1,15.001608221109,0.0462137770715178,1,0
"NT_CS_1",40,"trial","M","right","pole",2.03,1.33,58.67,58.67,0,1.33,1,1,1,7.30418891577491,0.0528778155099535,1,0
"NT_CS_1",42,"trial","M","left","pole",3.8,6.83,10.1,53,0.17,6.83,1,1,0,26.7465702805357,0.0377811991908876,0,0
"NT_CS_1",44,"trial","M","right","pole",3.67,4.5,4.1,52.1,1.63,6.27,1,0,0,33.1639962648351,0.0510823075631034,1,0
"NT_CS_1",46,"trial","M","right","pole",1.97,3.33,54.73,54.73,0,5.27,1,0,1,21.610028263184,0.0396058872914031,0,0
"NT_CS_1",48,"trial","M","left","pole",3.3,4.1,2.37,46.03,5.93,8.03,1,0,1,34.406855117389,0.0413418051203027,1,0
"NT_CS_1",50,"trial","M","left","pole",3.37,3.07,50.8,50.8,0,9.2,1,0,1,18.049917645813,0.0189377178590451,0,0
"NT_CS_1",52,"trial","M","left","pole",3.43,5.07,53.73,53.73,0,6.27,1,0,1,14.638098925974,0.0225469773155354,0,0
"NT_CS_1",54,"trial","M","right","pole",3.03,3.4,56.6,56.6,0,3.4,1,1,1,10.8632138661436,0.030840375500067,0,0
"NT_CS_1",56,"trial","M","right","pole",3.9,4.23,55.8,55.8,0,4.23,1,1,1,8.90860325281358,0.0203126879263375,1,0
"NT_CS_1",58,"trial","M","left","pole",3.23,4.53,53.8,53.8,0,6.2,1,0,1,31.7658520060575,0.049454869856236,1,0
"NT_CS_1",60,"trial","M","left","pole",1.7,3.63,54.27,54.27,0,5.7,1,0,1,19.7854316504579,0.0335050999973886,0,0
"NT_CS_2",2,"trial","M","right","pole",1.2,2.5,4.47,46.87,10.63,2.5,1,1,1,39.7478887754421,0.153466752028734,NA,0
"NT_CS_2",4,"trial","M","right","pole",4.27,4.53,55.5,55.5,0,4.53,1,1,1,6.23592655438224,0.0132777223364373,1,0
"NT_CS_2",6,"trial","M","right","unsafe",NA,0,NA,NA,NA,NA,0,NA,NA,NA,NA,NA,0
"NT_CS_2",8,"trial","M","left","pole",0.57,3.87,48.1,48.1,0,11.9,1,0,1,52.6753052839286,0.0427267977060515,1,0
"NT_CS_2",10,"trial","M","right","pole",0.7,1.93,0.4,50.57,0.53,8.9,1,0,0,22.7161343593736,0.0246368209181528,1,0
"NT_CS_2",12,"trial","M","left","pole",0.1,1.07,55.57,58.73,0.2,1.07,1,1,1,57.8564214867639,0.523555937681865,0,0
"NT_CS_2",14,"trial","M","right","pole",1.03,1.1,50.27,50.27,0,9.73,1,0,1,18.0147934164379,0.0178652021239864,1,0
"NT_CS_2",16,"trial","M","right","pole",1.93,2.4,57.6,57.6,0,2.4,1,1,1,11.4921683612693,0.0462201108480907,1,0
"NT_CS_2",18,"trial","M","right","pole",2.37,2.43,57.57,57.57,0,2.43,1,1,1,6.30453572959718,0.0250087364319981,1,0
"NT_CS_2",20,"trial","M","left","pole",2.13,2.6,57.4,57.4,0,2.6,1,1,1,45.7464969158289,0.169834039634054,0,0
"NT_CS_2",22,"trial","M","left","pole",1.37,2.3,57.7,57.7,0,2.3,1,1,0,37.867492777648,0.15892014763156,1,0
"NT_CS_2",24,"trial","M","right","pole",1.4,2.6,55.43,55.43,0,4.57,1,0,0,29.0175511269443,0.061334056717888,1,0
"NT_CS_2",26,"trial","M","left","pole",1.73,1.9,18.73,53.93,1.67,4.4,1,0,1,26.2575051590106,0.057602459545039,1,0
"NT_CS_2",28,"trial","M","right","pole",2.8,3.63,49.27,49.27,0,10.73,1,0,0,19.6740936080476,0.0176929545145395,1,0
"NT_CS_2",30,"trial","M","left","pole",1.73,3.83,17.67,54.33,1.83,3.83,1,1,0,21.8327845224351,0.0549759556549482,0,0
"NT_CS_2",32,"trial","M","right","pole",1.33,1.6,58.4,58.4,0,1.6,1,1,1,13.431982957638,0.0810327157193411,0,0
"NT_CS_2",34,"trial","M","left","pole",1.6,2.67,57.33,57.33,0,2.67,1,1,0,26.06534209678,0.0943484873194258,0,0
"NT_CS_2",36,"trial","M","left","pole",2.07,2.93,52.57,52.57,0,7.43,1,0,1,35.9539412359553,0.0466877710528014,0,0
"NT_CS_2",38,"trial","M","left","unsafe",NA,0,NA,NA,NA,NA,0,NA,NA,NA,NA,NA,0
"NT_CS_2",40,"trial","M","right","pole",2.37,2.3,57.7,57.7,0,2.3,1,1,1,5.49556081913051,0.0230634581967874,0,0
"NT_CS_2",42,"trial","M","left","safe",NA,0,NA,NA,NA,NA,0,NA,NA,NA,NA,NA,0
"NT_CS_2",44,"trial","M","right","pole",1.97,2.03,3.5,48.47,4.4,7.13,1,0,1,35.4111734434112,0.0479168261872738,1,0
"NT_CS_2",46,"trial","M","right","pole",12.13,11.37,48.63,48.63,0,11.37,1,1,1,7.44615731917758,0.00632323507895604,1,0
"NT_CS_2",48,"trial","M","right","pole",2.27,2.87,57.17,57.17,0,2.87,1,1,1,12.2356010058042,0.0411991593532959,1,0
"NT_CS_2",50,"trial","M","left","pole",2.23,2.7,11.1,55.23,2.07,2.7,1,1,1,18.2075025279867,0.0650918866294391,0,0
"NT_CS_2",52,"trial","M","left","pole",1.33,1.47,20.6,57.37,1.17,1.47,1,1,1,27.1405057335137,0.178618631977319,1,0
"NT_CS_2",54,"trial","M","left","pole",3.37,3.9,16.43,48.63,7.47,3.9,1,1,1,46.9986552232851,0.116321787999419,1,0
"NT_CS_2",56,"trial","M","right","pole",15.7,15.5,44.5,44.5,0,15.5,1,1,1,4.92116630420768,0.00306461969373999,0,0
"NT_CS_2",58,"trial","M","left","pole",3.47,4.27,55.73,55.73,0,4.27,1,1,0,7.7528066569627,0.0175392283805563,0,0
"NT_CS_2",60,"trial","M","left","pole",2.27,2.57,53.97,53.97,0,6,1,0,1,15.4825551758094,0.0249075855466688,0,0
"NT_CS_3",2,"trial","M","left","pole",4.63,5.07,48.43,48.43,0,11.57,1,0,1,17.59204138578,0.0146807506585237,NA,0
"NT_CS_3",4,"trial","M","right","pole",6.57,6.7,7.27,43.9,9.4,6.7,1,1,1,9.25788765069786,0.0133375895388375,0,0
"NT_CS_3",6,"trial","M","left","pole",2.4,7.27,12.5,23.9,24.87,11.23,1,0,1,77.2936392474317,0.0664164034641038,1,0
"NT_CS_3",8,"trial","M","left","pole",3.93,7.47,52.57,52.57,0,7.47,1,1,0,19.7582396378697,0.0255424016278307,1,0
"NT_CS_3",10,"trial","M","left","pole",1.8,4.83,0.6,50.23,4.93,4.83,1,1,0,26.5859256968031,0.0530939802226129,1,0
"NT_CS_3",12,"trial","M","right","pole",2.67,4.23,34.6,55.23,0.53,4.23,1,1,0,11.2041083722833,0.0255467159554084,0,0
"NT_CS_3",14,"trial","M","left","pole",2.3,3.1,56.9,56.9,0,3.1,1,1,1,11.3444605557683,0.0353233919409898,0,0
"NT_CS_3",16,"trial","M","left","pole",2.63,6.2,27.07,46.83,0.27,12.9,1,0,1,33.7379666732475,0.0252446549588814,0,0
"NT_CS_3",18,"trial","M","right","pole",1.97,2.83,49.17,49.17,0,10.83,1,0,0,19.2437883825608,0.0171462325950942,1,0
"NT_CS_3",20,"trial","M","right","pole",2.5,3.3,56.7,56.7,0,3.3,1,1,1,9.30080208625002,0.0272048733071546,1,0
"NT_CS_3",22,"trial","M","left","pole",2.77,3.9,56.1,56.1,0,3.9,1,1,1,19.5169281968566,0.0483044455916657,0,0
"NT_CS_3",24,"trial","M","right","pole",2.1,2.17,57.83,57.83,0,2.17,1,1,1,10.2869281651292,0.0458283108039612,0,0
"NT_CS_3",26,"trial","M","left","pole",2.97,8.8,51.2,51.2,0,8.8,1,1,0,13.1757244411442,0.0144521371985172,0,0
"NT_CS_3",28,"trial","M","right","unsafe",NA,0,NA,NA,NA,NA,0,NA,NA,NA,NA,NA,0
"NT_CS_3",30,"trial","M","right","pole",3.03,4.47,55.53,55.53,0,4.47,1,1,1,9.46252885793168,0.0204486159264933,1,0
"NT_CS_3",32,"trial","M","left","pole",2.8,4.5,55.5,55.5,0,4.5,1,1,0,20.9300020658186,0.0448948993260802,0,0
"NT_CS_3",34,"trial","M","left","pole",1.93,7.03,52.97,52.97,0,7.03,1,1,1,17.1533191546808,0.0235411249355168,1,0
"NT_CS_3",36,"trial","M","right","pole",4.23,1.93,48.53,48.53,0,11.47,1,0,1,22.788376788892,0.0191829965337041,1,0
"NT_CS_3",38,"trial","M","right","pole",4.03,5.27,54.73,54.73,0,5.27,1,1,1,6.33370883485013,0.0116081365185905,1,0
"NT_CS_3",40,"trial","M","left","pole",4.37,7.5,50.87,50.87,0,9.13,1,0,1,14.1694973496382,0.0149749499932765,1,0
"NT_CS_3",42,"trial","M","left","pole",1.67,0.9,59.1,59.1,0,0.9,1,1,1,11.2049785162668,0.120173514760476,1,0
"NT_CS_3",44,"trial","M","right","pole",2.57,3.07,56.93,56.93,0,3.07,1,1,1,9.28639950853042,0.0292294763782013,0,0
"NT_CS_3",46,"trial","M","right","pole",3.97,4.9,50.87,50.87,0,9.13,1,0,1,13.729666743046,0.0145101176017875,0,0
"NT_CS_3",48,"trial","M","left","pole",4.67,6.3,53.7,53.7,0,6.3,1,1,1,9.63379474704236,0.0147603645692259,0,0
"NT_CS_3",50,"trial","M","left","pole",3.53,4.43,47.13,47.13,0,12.87,1,0,1,25.4537503716341,0.0190952775508888,0,0
"NT_CS_3",52,"trial","M","right","pole",2.1,3.5,49.5,49.5,0,10.5,1,0,0,22.2919129328594,0.0204926575959362,1,0
"NT_CS_3",54,"trial","M","right","pole",1.6,4.6,55.4,55.4,0,4.6,1,1,1,9.69058698685837,0.0203344531367684,1,0
"NT_CS_3",56,"trial","M","left","pole",3.3,5.1,52.97,52.97,0,7.03,1,0,1,14.8524137743021,0.0203833745004054,1,0
"NT_CS_3",58,"trial","M","right","pole",1.43,3.97,56.03,56.03,0,3.97,1,1,1,9.45338617451982,0.0230039246970892,0,0
"NT_CS_3",60,"trial","M","right","pole",3.8,4.8,51.3,51.3,0,8.67,1,0,1,13.6836478101859,0.0152401779887726,0,0
"NT_OR_1",2,"trial","M","left","safe",NA,0,NA,NA,NA,NA,0,NA,NA,NA,NA,NA,0
"NT_OR_1",4,"trial","M","right","pole",1.8,3.43,56.6,56.6,0,3.43,1,1,1,7.1076391814186,0.0199824919820968,0,0
"NT_OR_1",6,"trial","M","left","pole",1.1,1.47,58.53,58.53,0,1.47,1,1,1,3.95312493714733,0.0260165295091304,0,0
"NT_OR_1",8,"trial","M","left","pole",1,1.2,57.23,57.23,0,2.77,1,0,1,5.88490607373427,0.0205316069930721,0,0
"NT_OR_1",10,"trial","M","right","pole",1.13,1.33,58.67,58.67,0,1.33,1,1,1,8.64105824494355,0.0625559235879118,0,0
"NT_OR_1",12,"trial","M","left","pole",1,2.17,57.83,57.83,0,2.17,1,1,0,5.11641086425046,0.022793633193869,0,0
"NT_OR_1",14,"trial","M","right","pole",0.93,0.97,59.03,59.03,0,0.97,1,1,1,11.3975711685247,0.113808792123466,0,0
"NT_OR_1",16,"trial","M","left","pole",1.33,1.43,57,57,0,3,1,0,1,5.87499849788488,0.0189028265697712,1,0
"NT_OR_1",18,"trial","M","right","pole",1.43,2.7,55.4,55.4,0,4.6,1,0,0,24.9133867825838,0.0522775448686079,1,0
"NT_OR_1",20,"trial","M","left","pole",1.2,1.33,58.67,58.67,0,1.33,1,1,1,3.18505793441952,0.0230578518418402,0,0
"NT_OR_1",22,"trial","M","right","pole",1.4,1.47,58.53,58.53,0,1.47,1,1,1,2.38298915014539,0.0156830630274574,0,0
"NT_OR_1",24,"trial","M","right","pole",1.07,1.6,51.87,51.87,0,8.13,1,0,0,18.687087781854,0.0221775362940542,0,0
"NT_OR_1",26,"trial","M","left","pole",0.8,1.23,58.77,58.77,0,1.23,1,1,0,4.31627080767446,0.0337806856491271,0,0
"NT_OR_1",28,"trial","M","left","pole",1.3,2.77,52.17,52.17,0,7.83,1,0,0,10.1731268140405,0.0125356857151572,0,0
"NT_OR_1",30,"trial","M","right","pole",3.5,2.67,57.33,57.33,0,2.67,1,1,1,3.63138103508709,0.0131444776849195,0,0
"NT_OR_1",32,"trial","M","right","pole",1.07,2.97,57.03,57.03,0,2.97,1,1,0,10.7679160733839,0.0350350833154219,1,0
"NT_OR_1",34,"trial","M","left","pole",0.97,1.17,58.83,58.83,0,1.17,1,1,1,1.91088199527442,0.0158098344893085,0,0
"NT_OR_1",36,"trial","M","left","pole",1.07,1.33,55.97,55.97,0,4.03,1,0,1,7.03394210411419,0.0168335191872288,0,0
"NT_OR_1",38,"trial","M","left","pole",0.53,0.87,59.13,59.13,0,0.87,1,1,1,6.00889115426813,0.0669240921547534,1,0
"NT_OR_1",40,"trial","M","right","pole",1.87,3.63,54.63,54.63,0,5.37,1,0,1,13.7733863862706,0.0247728717468115,1,0
"NT_OR_1",42,"trial","M","right","pole",1.17,1.47,54.93,54.93,0,5.07,1,0,1,23.3187867678025,0.0444246344133607,0,0
"NT_OR_1",44,"trial","M","right","pole",1.2,3.23,55.4,55.4,0,4.6,1,0,1,7.97549991498141,0.0167355630245539,0,0
"NT_OR_1",46,"trial","M","left","pole",1,1.7,54.67,54.67,0,5.33,1,0,1,7.87286513427689,0.014248670006534,1,0
"NT_OR_1",48,"trial","M","right","pole",1.37,5.43,54.57,54.57,0,5.43,1,1,0,5.89544541460208,0.010473468178581,0,0
"NT_OR_1",50,"trial","M","right","pole",1.7,2.07,57.97,57.97,0,2.07,1,1,1,4.02793895307653,0.0188127675601407,1,0
"NT_OR_1",52,"trial","M","left","pole",1.43,1.87,58.13,58.13,0,1.87,1,1,1,2.65839871811948,0.0137465460465362,0,0
"NT_OR_1",54,"trial","M","right","pole",1.4,1.7,58.3,58.3,0,1.7,1,1,1,11.749631443087,0.0667137828928399,0,0
"NT_OR_1",56,"trial","M","left","pole",2,3.9,53.33,53.33,0,6.67,1,0,0,6.85833117301072,0.00993001617713907,1,0
"NT_OR_1",58,"trial","M","left","pole",1.77,2.93,55.2,55.2,0,4.8,1,0,0,10.1197948756169,0.0203502953579812,0,0
"NT_OR_1",60,"trial","M","right","pole",1.43,2.37,57.6,57.6,0,2.37,1,1,1,3.47164354345352,0.0141591856957428,0,0
"NT_OR_2",2,"trial","M","left","unsafe",NA,0,NA,NA,NA,NA,0,NA,NA,NA,NA,NA,0
"NT_OR_2",4,"trial","M","left","pole",3.23,3.13,1.27,54.53,0.77,4.7,1,0,1,28.1171189098641,0.0577448429102606,0,0
"NT_OR_2",6,"trial","M","left","pole",2.03,4.1,7.03,53.17,0.07,6.77,1,0,0,36.7398056850829,0.0524085707891514,0,0
"NT_OR_2",8,"trial","M","right","pole",1.2,1.33,7.03,58.3,0.37,1.33,1,1,1,11.7621692890951,0.0851508394480826,0,0
"NT_OR_2",10,"trial","M","left","pole",0.3,1.87,58.13,58.13,0,1.87,1,1,1,26.3649266142771,0.136332701052867,0,0
"NT_OR_2",12,"trial","M","left","pole",0.87,0.93,57.67,57.67,0,2.33,1,0,1,8.83407972288645,0.0365447313412291,0,0
"NT_OR_2",14,"trial","M","right","pole",1.27,2.83,57.17,57.17,0,2.83,1,1,1,11.2982805699734,0.0384906219735638,0,0
"NT_OR_2",16,"trial","M","right","pole",2.1,2.77,2.1,52.6,0.73,6.67,1,0,0,18.1466008212458,0.0262740359380972,0,0
"NT_OR_2",18,"trial","M","right","pole",1.6,2.1,53.43,53.43,0,6.57,1,0,1,11.9864026136532,0.0176191167909373,0,0
"NT_OR_2",20,"trial","M","left","pole",0.37,0.47,59.53,59.53,0,0.47,1,1,1,3.27318101248209,0.0677023099658457,0,0
"NT_OR_2",22,"trial","M","right","pole",1.33,3.6,54.3,54.3,0,5.73,1,0,0,13.1814620727246,0.0221920098647378,1,0
"NT_OR_2",24,"trial","M","right","pole",0.97,3.63,3.4,53.3,0.4,6.3,1,0,0,12.3566873649234,0.018932229216344,0,0
"NT_OR_2",26,"trial","M","right","pole",1.5,4.07,54.23,54.23,0,5.77,1,0,0,12.3618946257342,0.0206919029823479,0,0
"NT_OR_2",28,"trial","M","left","pole",0.37,1.43,55.93,55.93,0,4.07,1,0,1,15.8280670600851,0.0375689926421413,1,0
"NT_OR_2",30,"trial","M","left","pole",2.1,2.73,57.27,57.27,0,2.73,1,1,0,6.28397475444124,0.0221912659658674,1,0
"NT_OR_2",32,"trial","M","right","pole",0.6,1.67,58.37,58.37,0,1.67,1,1,0,5.2492216781483,0.0304008977498936,0,0
"NT_OR_2",34,"trial","M","left","pole",1.4,2.93,57.07,57.07,0,2.93,1,1,0,13.390965114603,0.0440646886449291,0,0
"NT_OR_2",36,"trial","M","right","pole",0.33,2.4,56,56,0,4.03,1,0,1,12.4834078399896,0.0298750945467061,1,0
"NT_OR_2",38,"trial","M","left","pole",1.8,2.4,57.6,57.6,0,2.4,1,1,0,7.18212098920522,0.0288856217390815,0,0
"NT_OR_2",40,"trial","M","right","pole",0.37,1.5,58.5,58.5,0,1.5,1,1,0,6.04512295293932,0.0389004051025696,0,0
"NT_OR_2",42,"trial","M","right","pole",1.47,2,55.83,55.83,0,4.2,1,0,1,7.46615096283627,0.0171588319609218,0,0
"NT_OR_2",44,"trial","M","right","pole",5.67,5.63,51.67,51.67,0,8.37,1,0,1,7.92860668138328,0.0091471257995623,0,0
"NT_OR_2",46,"trial","M","left","pole",1.43,3.6,54.13,54.13,0,5.9,1,0,1,22.884576270883,0.0374395920929307,1,0
"NT_OR_2",48,"trial","M","left","pole",1.1,2.1,57.9,57.9,0,2.1,1,1,0,5.84390422638752,0.026861115215975,1,0
"NT_OR_2",50,"trial","M","right","pole",1.43,0.8,59.23,59.23,0,0.8,1,1,1,2.27348485893465,0.0274310431821266,0,0
"NT_OR_2",52,"trial","M","left","pole",1.27,2.8,57.2,57.2,0,2.8,1,1,1,6.27438216721872,0.0216298337259333,0,0
"NT_OR_2",54,"trial","M","left","pole",0.4,2.53,57.47,57.47,0,2.53,1,1,0,8.27401260951732,0.0315256525967181,1,0
"NT_OR_2",56,"trial","M","right","pole",1.47,1.73,58.27,58.27,0,1.73,1,1,1,4.62739036695421,0.0257688058747821,0,0
"NT_OR_2",58,"trial","M","left","pole",1.97,2.63,57.37,57.37,0,2.63,1,1,0,22.7275995263826,0.0833082432177651,0,0
"NT_OR_2",60,"trial","M","right","pole",1.47,2.6,54.43,54.43,0,5.53,1,0,0,9.30020323220831,0.0162235484582877,1,0
"NT_OR_3",2,"trial","M","left",NA,NA,NA,NA,NA,NA,NA,NA,NA,NA,NA,NA,NA,1
"NT_OR_3",4,"trial","M","left",NA,NA,NA,NA,NA,NA,NA,NA,NA,NA,NA,NA,NA,1
"NT_OR_3",6,"trial","M","right",NA,NA,NA,NA,NA,NA,NA,NA,NA,NA,NA,NA,NA,1
"NT_OR_3",8,"trial","M","right",NA,NA,NA,NA,NA,NA,NA,NA,NA,NA,NA,NA,NA,1
"NT_OR_3",10,"trial","M","left",NA,NA,NA,NA,NA,NA,NA,NA,NA,NA,NA,NA,NA,1
"NT_OR_3",12,"trial","M","right",NA,NA,NA,NA,NA,NA,NA,NA,NA,NA,NA,NA,NA,1
"NT_OR_3",14,"trial","M","left",NA,NA,NA,NA,NA,NA,NA,NA,NA,NA,NA,NA,NA,1
"NT_OR_3",16,"trial","M","left",NA,NA,NA,NA,NA,NA,NA,NA,NA,NA,NA,NA,NA,1
"NT_OR_3",18,"trial","M","right",NA,NA,NA,NA,NA,NA,NA,NA,NA,NA,NA,NA,NA,1
"NT_OR_3",20,"trial","M","right",NA,NA,NA,NA,NA,NA,NA,NA,NA,NA,NA,NA,NA,1
"NT_OR_3",22,"trial","M","left",NA,NA,NA,NA,NA,NA,NA,NA,NA,NA,NA,NA,NA,1
"NT_OR_3",24,"trial","M","left",NA,NA,NA,NA,NA,NA,NA,NA,NA,NA,NA,NA,NA,1
"NT_OR_3",26,"trial","M","left",NA,NA,NA,NA,NA,NA,NA,NA,NA,NA,NA,NA,NA,1
"NT_OR_3",28,"trial","M","right",NA,NA,NA,NA,NA,NA,NA,NA,NA,NA,NA,NA,NA,1
"NT_OR_3",30,"trial","M","right",NA,NA,NA,NA,NA,NA,NA,NA,NA,NA,NA,NA,NA,1
"NT_OR_3",32,"trial","M","left",NA,NA,NA,NA,NA,NA,NA,NA,NA,NA,NA,NA,NA,1
"NT_OR_3",34,"trial","M","right",NA,NA,NA,NA,NA,NA,NA,NA,NA,NA,NA,NA,NA,1
"NT_OR_3",36,"trial","M","left",NA,NA,NA,NA,NA,NA,NA,NA,NA,NA,NA,NA,NA,1
"NT_OR_3",38,"trial","M","right",NA,NA,NA,NA,NA,NA,NA,NA,NA,NA,NA,NA,NA,1
"NT_OR_3",40,"trial","M","left",NA,NA,NA,NA,NA,NA,NA,NA,NA,NA,NA,NA,NA,1
"NT_OR_3",42,"trial","M","right",NA,NA,NA,NA,NA,NA,NA,NA,NA,NA,NA,NA,NA,1
"NT_OR_3",44,"trial","M","left",NA,NA,NA,NA,NA,NA,NA,NA,NA,NA,NA,NA,NA,1
"NT_OR_3",46,"trial","M","right",NA,NA,NA,NA,NA,NA,NA,NA,NA,NA,NA,NA,NA,1
"NT_OR_3",48,"trial","M","left",NA,NA,NA,NA,NA,NA,NA,NA,NA,NA,NA,NA,NA,1
"NT_OR_3",50,"trial","M","right",NA,NA,NA,NA,NA,NA,NA,NA,NA,NA,NA,NA,NA,1
"NT_OR_3",52,"trial","M","left",NA,NA,NA,NA,NA,NA,NA,NA,NA,NA,NA,NA,NA,1
"NT_OR_3",54,"trial","M","right",NA,NA,NA,NA,NA,NA,NA,NA,NA,NA,NA,NA,NA,1
"NT_OR_3",56,"trial","M","right",NA,NA,NA,NA,NA,NA,NA,NA,NA,NA,NA,NA,NA,1
"NT_OR_3",58,"trial","M","left",NA,NA,NA,NA,NA,NA,NA,NA,NA,NA,NA,NA,NA,1
"NT_OR_3",60,"trial","M","right",NA,NA,NA,NA,NA,NA,NA,NA,NA,NA,NA,NA,NA,1
"OT_CS_1",2,"trial","M","left","pole",2.3,2.7,14.6,49.57,1.97,8.47,1,0,1,45.339809296521,0.0516901118359389,NA,0
"OT_CS_1",4,"trial","M","right","pole",2.83,3.17,52,52,0,8.03,1,0,1,27.5829030940525,0.0331424363103212,1,0
"OT_CS_1",6,"trial","M","right","pole",2.03,3.57,56.47,56.47,0,3.57,1,1,1,10.7734108060072,0.0291562014379728,1,0
"OT_CS_1",8,"trial","M","right","pole",1.37,3.47,3.83,55.07,1.47,3.47,1,1,1,19.0497614755538,0.0530417326502278,1,0
"OT_CS_1",10,"trial","M","left","pole",3.77,5.73,49.37,49.37,0.63,10,1,0,1,44.4717179281435,0.0429263686565091,1,0
"OT_CS_1",12,"trial","M","right","pole",1,1.37,29.97,57.77,0.87,1.37,1,1,1,14.9266159575932,0.105423881421931,0,0
"OT_CS_1",14,"trial","M","left","pole",2.13,2.1,12.53,52.03,3.5,4.47,1,0,1,50.1667472605817,0.108410823619652,1,0
"OT_CS_1",16,"trial","M","right","pole",1.03,1,8.4,54.77,0.97,4.27,1,0,1,24.1792041102666,0.054700781499457,1,0
"OT_CS_1",18,"trial","M","left","pole",2.33,3.9,56.1,56.1,0,3.9,1,1,0,12.0776386056992,0.029892185441291,0,0
"OT_CS_1",20,"trial","M","right","pole",2.1,5.53,54.47,54.47,0,5.53,1,1,1,5.80563258813611,0.0101275164932365,0,0
"OT_CS_1",22,"trial","M","left","pole",2.77,2.7,57.3,57.3,0,2.7,1,1,1,12.1488309400602,0.0434321140428293,0,0
"OT_CS_1",24,"trial","M","right","pole",0.8,0.87,8.83,55.9,3.27,0.87,1,1,1,35.0593432348488,0.390473825751954,0,0
"OT_CS_1",26,"trial","M","right","pole",1.83,2.13,57.87,57.87,0,2.13,1,1,1,2.88196643551888,0.0130397853923694,1,0
"OT_CS_1",28,"trial","M","left","pole",1.67,4.53,54.2,54.2,0,5.8,1,0,1,41.000830758949,0.0682346404589086,1,0
"OT_CS_1",30,"trial","M","right","pole",1.37,3.8,6.7,45.97,3.53,10.5,1,0,0,71.4509437248235,0.0656838975223603,1,0
"OT_CS_1",32,"trial","M","left","pole",2.13,4.43,51.5,51.5,0,8.5,1,0,1,21.5244389963758,0.0244429241385145,1,0
"OT_CS_1",34,"trial","M","left","pole",0.47,1.6,58.4,58.4,0,1.6,1,1,1,8.23693954108673,0.0496919615171738,1,0
"OT_CS_1",36,"trial","M","right","pole",2.4,3.43,56.57,56.57,0,3.43,1,1,1,9.32192556717204,0.026207760150613,0,0
"OT_CS_1",38,"trial","M","left","pole",1.6,1.6,25.6,54.67,0.63,4.7,1,0,1,41.9648871633693,0.0861843571087023,1,0
"OT_CS_1",40,"trial","M","left","pole",1.67,1.8,55.17,55.17,0,4.83,1,0,1,5.52202325788989,0.0110278723030686,0,0
"OT_CS_1",42,"trial","M","left","pole",3.2,3.4,56.6,56.6,0,3.4,1,1,1,10.0595864354563,0.0285588985789696,1,0
"OT_CS_1",44,"trial","M","right","pole",2.5,3.1,8.53,54.63,2.27,3.1,1,1,1,24.5985072103131,0.0765926865435083,0,0
"OT_CS_1",46,"trial","M","right","pole",2.17,2.23,8.5,57.6,0.17,2.23,1,1,1,12.4240511677095,0.0536969882774282,1,0
"OT_CS_1",48,"trial","M","left","pole",1.53,2.47,35.13,55.07,2.47,2.47,1,1,0,51.4206604075672,0.20121827875235,0,0
"OT_CS_1",50,"trial","M","right","pole",1.87,2.83,49.17,49.17,0,10.87,1,0,0,25.5187186560731,0.0226674550442414,1,0
"OT_CS_1",52,"trial","M","right","pole",3.03,3.1,56.9,56.9,0,3.1,1,1,1,7.84757304930686,0.0244350885829707,1,0
"OT_CS_1",54,"trial","M","left","pole",2.9,5.33,54.63,54.63,0,5.33,1,1,0,17.5773467587116,0.0318122829851199,0,0
"OT_CS_1",56,"trial","M","right","pole",3.37,5.43,4.17,49.3,4.13,6.6,1,0,0,26.7956758119424,0.0391887150636808,1,0
"OT_CS_1",58,"trial","M","left","pole",2.77,2.77,52.87,52.87,0,7.13,1,0,1,16.0351854870526,0.0216981003776016,1,0
"OT_CS_1",60,"trial","M","left","pole",3.4,5.1,54.87,54.87,0,5.1,1,1,1,17.7422042546084,0.0335797642792951,1,0
"OT_CS_2",2,"trial","M","left","safe",NA,0,NA,NA,NA,NA,0,NA,NA,NA,NA,NA,0
"OT_CS_2",4,"trial","M","right","pole",1.47,3.9,50.23,50.23,0,9.77,1,0,0,16.3636435206548,0.0161723781945407,1,0
"OT_CS_2",6,"trial","M","left","pole",2.93,5.07,52.47,52.47,0,7.53,1,0,0,16.088267506423,0.0206140031944122,1,0
"OT_CS_2",8,"trial","M","left","pole",1.8,3.87,56.13,56.13,0,3.87,1,1,1,15.3274873212501,0.0382625998233843,1,0
"OT_CS_2",10,"trial","M","left","pole",0.07,0.93,54.6,54.6,0,5.4,1,0,1,22.3499838024849,0.0399506359975778,0,0
"OT_CS_2",12,"trial","M","right","pole",0.8,2.2,22.87,46.6,7.83,5.57,1,0,1,59.5010781822976,0.103173903860364,1,0
"OT_CS_2",14,"trial","M","left","pole",1.8,0.73,53.3,53.3,0,6.7,1,0,1,16.1574721661647,0.0232776352304568,1,0
"OT_CS_2",16,"trial","M","right","pole",3.93,4.73,55.27,55.27,0,4.73,1,1,0,7.63105166846193,0.01556171828633,0,0
"OT_CS_2",18,"trial","M","right","pole",3.13,3.57,56.43,56.43,0,3.57,1,1,0,7.62627280099901,0.0206390668666303,1,0
"OT_CS_2",20,"trial","M","left","pole",2.13,1.4,6.53,48.47,4.23,7.3,1,0,1,38.0786745823356,0.0503499690357217,1,0
"OT_CS_2",22,"trial","M","left","pole",0.63,1.97,56.1,56.1,0,3.9,1,0,1,13.8044723637318,0.0341661032663396,0,0
"OT_CS_2",24,"trial","M","right","pole",3.37,4.9,55.1,55.1,0,4.9,1,1,1,9.78617471614682,0.0192777848793374,0,0
"OT_CS_2",26,"trial","M","right","pole",1.3,2.27,55.1,55.1,0,4.9,1,0,0,14.6041904635427,0.0287687937584562,0,0
"OT_CS_2",28,"trial","M","left","pole",1.5,1.63,38.6,52.47,3.3,4.23,1,0,1,26.5227694496483,0.0604751074308705,1,0
"OT_CS_2",30,"trial","M","right","pole",2.83,3.37,56.63,56.63,0,3.37,1,1,0,8.07612023998261,0.023154899575622,0,0
"OT_CS_2",32,"trial","M","left","pole",3,4.23,55.77,55.77,0,4.23,1,1,0,10.2753835294164,0.0234291115041569,0,0
"OT_CS_2",34,"trial","M","left","pole",1.83,1.6,55.2,55.2,0,4.83,1,0,1,16.3955215197483,0.0327430199435793,0,0
"OT_CS_2",36,"trial","M","right","pole",2.43,3.33,54.5,54.5,0,5.5,1,0,0,16.6831374533711,0.0292789355096017,1,0
"OT_CS_2",38,"trial","M","right","pole",0.57,0.63,59.37,59.37,0,0.63,1,1,1,6.59404532490556,0.100498557075374,1,0
"OT_CS_2",40,"trial","M","right","pole",0.8,1,4.57,54.63,4.37,1,1,1,1,25.482897295627,0.245973912119952,1,0
"OT_CS_2",42,"trial","M","left","pole",0.77,2.9,54.5,54.5,0,5.5,1,0,0,16.0294459051396,0.0281317056952257,1,0
"OT_CS_2",44,"trial","M","left","pole",2.17,2.27,8.03,44.47,11.2,4.33,1,0,1,51.4520978828468,0.114609662643704,0,0
"OT_CS_2",46,"trial","M","right","pole",3.3,4.07,54.37,54.37,0,5.63,1,0,0,9.03124523196988,0.0154747068241014,1,0
"OT_CS_2",48,"trial","M","right","pole",0.73,3.37,56.63,56.63,0,3.37,1,1,1,7.87926332271079,0.0225904946367716,1,0
"OT_CS_2",50,"trial","M","left","pole",0.3,3.3,55.13,55.13,0,4.87,1,0,1,10.802117156196,0.0214248370104907,1,0
"OT_CS_2",52,"trial","M","left","pole",1.77,1.73,56.63,56.63,0,3.37,1,0,1,7.90732150378652,0.022670939744791,0,0
"OT_CS_2",54,"trial","M","right","pole",3.57,4.13,55.87,55.87,0,4.13,1,1,0,6.1642741903023,0.0143953345457925,0,0
"OT_CS_2",56,"trial","M","right","pole",2.37,2.9,54.27,54.27,0,5.73,1,0,0,11.8665650177214,0.0199782790771551,0,0
"OT_CS_2",58,"trial","M","right","pole",2.97,3.3,56.7,56.7,0,3.3,1,1,1,4.18865046901591,0.0122518148736864,1,0
"OT_CS_2",60,"trial","M","left","pole",2.6,4.73,52.9,52.9,0,7.07,1,0,1,16.0892588495795,0.0219766593887678,1,0
"OT_CS_3",2,"trial","M","right",NA,NA,NA,NA,NA,NA,NA,NA,NA,NA,NA,NA,NA,1
"OT_CS_3",4,"trial","M","right",NA,NA,NA,NA,NA,NA,NA,NA,NA,NA,NA,NA,NA,1
"OT_CS_3",6,"trial","M","left",NA,NA,NA,NA,NA,NA,NA,NA,NA,NA,NA,NA,NA,1
"OT_CS_3",8,"trial","M","left",NA,NA,NA,NA,NA,NA,NA,NA,NA,NA,NA,NA,NA,1
"OT_CS_3",10,"trial","M","right",NA,NA,NA,NA,NA,NA,NA,NA,NA,NA,NA,NA,NA,1
"OT_CS_3",12,"trial","M","right",NA,NA,NA,NA,NA,NA,NA,NA,NA,NA,NA,NA,NA,1
"OT_CS_3",14,"trial","M","right",NA,NA,NA,NA,NA,NA,NA,NA,NA,NA,NA,NA,NA,1
"OT_CS_3",16,"trial","M","left",NA,NA,NA,NA,NA,NA,NA,NA,NA,NA,NA,NA,NA,1
"OT_CS_3",18,"trial","M","left",NA,NA,NA,NA,NA,NA,NA,NA,NA,NA,NA,NA,NA,1
"OT_CS_3",20,"trial","M","right",NA,NA,NA,NA,NA,NA,NA,NA,NA,NA,NA,NA,NA,1
"OT_CS_3",22,"trial","M","right",NA,NA,NA,NA,NA,NA,NA,NA,NA,NA,NA,NA,NA,1
"OT_CS_3",24,"trial","M","left",NA,NA,NA,NA,NA,NA,NA,NA,NA,NA,NA,NA,NA,1
"OT_CS_3",26,"trial","M","right",NA,NA,NA,NA,NA,NA,NA,NA,NA,NA,NA,NA,NA,1
"OT_CS_3",28,"trial","M","left",NA,NA,NA,NA,NA,NA,NA,NA,NA,NA,NA,NA,NA,1
"OT_CS_3",30,"trial","M","left",NA,NA,NA,NA,NA,NA,NA,NA,NA,NA,NA,NA,NA,1
"OT_CS_3",32,"trial","M","right",NA,NA,NA,NA,NA,NA,NA,NA,NA,NA,NA,NA,NA,1
"OT_CS_3",34,"trial","M","left",NA,NA,NA,NA,NA,NA,NA,NA,NA,NA,NA,NA,NA,1
"OT_CS_3",36,"trial","M","left",NA,NA,NA,NA,NA,NA,NA,NA,NA,NA,NA,NA,NA,1
"OT_CS_3",38,"trial","M","right",NA,NA,NA,NA,NA,NA,NA,NA,NA,NA,NA,NA,NA,1
"OT_CS_3",40,"trial","M","left",NA,NA,NA,NA,NA,NA,NA,NA,NA,NA,NA,NA,NA,1
"OT_CS_3",42,"trial","M","right",NA,NA,NA,NA,NA,NA,NA,NA,NA,NA,NA,NA,NA,1
"OT_CS_3",44,"trial","M","left",NA,NA,NA,NA,NA,NA,NA,NA,NA,NA,NA,NA,NA,1
"OT_CS_3",46,"trial","M","right",NA,NA,NA,NA,NA,NA,NA,NA,NA,NA,NA,NA,NA,1
"OT_CS_3",48,"trial","M","right",NA,NA,NA,NA,NA,NA,NA,NA,NA,NA,NA,NA,NA,1
"OT_CS_3",50,"trial","M","left",NA,NA,NA,NA,NA,NA,NA,NA,NA,NA,NA,NA,NA,1
"OT_CS_3",52,"trial","M","right",NA,NA,NA,NA,NA,NA,NA,NA,NA,NA,NA,NA,NA,1
"OT_CS_3",54,"trial","M","left",NA,NA,NA,NA,NA,NA,NA,NA,NA,NA,NA,NA,NA,1
"OT_CS_3",56,"trial","M","left",NA,NA,NA,NA,NA,NA,NA,NA,NA,NA,NA,NA,NA,1
"OT_CS_3",58,"trial","M","right",NA,NA,NA,NA,NA,NA,NA,NA,NA,NA,NA,NA,NA,1
"OT_CS_3",60,"trial","M","left",NA,NA,NA,NA,NA,NA,NA,NA,NA,NA,NA,NA,NA,1
"OT_OR_1",2,"trial","M","left","unsafe",NA,0,NA,NA,NA,NA,0,NA,NA,NA,NA,NA,0
"OT_OR_1",4,"trial","M","right","pole",0.27,0.2,59.8,59.8,0,0.2,1,1,1,5.21457537939013,0.251668695916512,0,0
"OT_OR_1",6,"trial","M","left","pole",1.47,3.3,54.93,54.93,0,5.07,1,0,1,19.7860570083817,0.0376944288668112,1,0
"OT_OR_1",8,"trial","M","left","pole",0.33,3,57,57,0,3,1,1,0,9.97988388643547,0.0321103085149146,1,0
"OT_OR_1",10,"trial","M","right","pole",0.5,2.03,51.7,51.7,0,8.3,1,0,0,18.5788189824181,0.0216062927180748,1,0
"OT_OR_1",12,"trial","M","right","pole",0.3,0.87,59.13,59.13,0,0.87,1,1,1,5.46638671050549,0.0608819428701978,1,0
"OT_OR_1",14,"trial","M","right","pole",4.03,2.27,0.13,56.77,0.97,2.27,1,1,1,4.26182431290933,0.0181488089636725,1,0
"OT_OR_1",16,"trial","M","left","pole",0.77,1.9,58.1,58.1,0,1.9,1,1,0,6.64562710130337,0.0337615682854266,0,0
"OT_OR_1",18,"trial","M","right","pole",5.27,5.3,54.7,54.7,0,5.3,1,1,1,3.1155175655295,0.0056740685611013,0,0
"OT_OR_1",20,"trial","M","left","pole",2.7,4,20.83,55.27,0.73,4,1,1,0,9.65804876817191,0.0233061022397971,0,0
"OT_OR_1",22,"trial","M","right","pole",2.33,3.57,53.7,53.7,0,6.3,1,0,1,12.2760005725766,0.0188086054001603,1,0
"OT_OR_1",24,"trial","M","left","pole",2.13,3.4,56.6,56.6,0,3.4,1,1,0,4.94102893941612,0.0140274498620717,0,0
"OT_OR_1",26,"trial","M","right","unsafe",NA,0,NA,NA,NA,NA,0,NA,NA,NA,NA,NA,0
"OT_OR_1",28,"trial","M","left","pole",2.4,3.43,56.53,56.53,0,3.43,1,1,0,6.70661598273081,0.0188550511191217,0,0
"OT_OR_1",30,"trial","M","right","pole",2.9,3.47,52.8,52.8,0,7.2,1,0,0,12.6256993500329,0.016926345117483,1,0
"OT_OR_1",32,"trial","M","right","pole",1.63,2.13,0.7,53.97,3.9,2.13,1,1,1,13.6891396516392,0.0619380715415625,1,0
"OT_OR_1",34,"trial","M","right","pole",2.77,4.77,15.87,47.27,3.73,9,1,0,0,22.2403255923136,0.0238527730505294,0,0
"OT_OR_1",36,"trial","M","left","pole",2.07,6.07,53.93,53.93,0,6.07,1,1,0,9.69454515107439,0.0154247292275994,0,0
"OT_OR_1",38,"trial","M","right","pole",5.97,6.03,53.97,53.97,0,6.03,1,1,1,3.85886815346494,0.00617366222636725,0,0
"OT_OR_1",40,"trial","M","left","pole",2.23,3.97,56.03,56.03,0,3.97,1,1,0,5.03297628649845,0.0122472736604063,0,0
"OT_OR_1",42,"trial","M","right","pole",2.07,3.23,50.97,50.97,0,9.03,1,0,0,15.3230366164956,0.016373331237618,1,0
"OT_OR_1",44,"trial","M","right","pole",6.8,6.8,53.2,53.2,0,6.8,1,1,1,3.68231499358437,0.00522699720869913,1,0
"OT_OR_1",46,"trial","M","left","pole",3,3.83,54.87,54.87,0,5.13,1,0,0,7.40867881314957,0.0139309760564162,1,0
"OT_OR_1",48,"trial","M","left","pole",2.23,2.83,0.9,53.6,0.37,6.03,1,0,1,12.5428291023855,0.0200668141956721,0,0
"OT_OR_1",50,"trial","M","right","pole",3.73,4.07,55.93,55.93,0,4.07,1,1,1,7.02888991303682,0.0166835478029547,0,0
"OT_OR_1",52,"trial","M","left","pole",2.97,4.8,55.2,55.2,0,4.8,1,1,0,8.11471547939359,0.016318201977545,0,0
"OT_OR_1",54,"trial","M","left","pole",2.53,3.53,56.47,56.47,0,3.53,1,1,0,4.27617066630917,0.0116818241412249,1,0
"OT_OR_1",56,"trial","M","right","pole",1.97,2.27,57.73,57.73,0,2.27,1,1,1,2.1115006982664,0.00899174156086644,0,0
"OT_OR_1",58,"trial","M","left","pole",1.7,3.3,56.7,56.7,0,3.3,1,1,0,4.22305145478825,0.0123524378576935,0,0
"OT_OR_1",60,"trial","M","left","pole",1.6,3.57,56.4,56.4,0,3.57,1,1,1,4.581669890867,0.0123994241624878,1,0
"OT_OR_2",2,"trial","M","right","safe",NA,0,NA,NA,NA,NA,0,NA,NA,NA,NA,NA,0
"OT_OR_2",4,"trial","M","right","pole",3.37,0.63,59.37,59.37,0,0.63,1,1,1,1.36371877375823,0.0207841715163315,1,0
"OT_OR_2",6,"trial","M","left","pole",3.63,6.1,53.9,53.9,0,6.1,1,1,0,5.65859110604496,0.00895403365093512,0,0
"OT_OR_2",8,"trial","M","left","pole",3.5,1.03,52.5,52.5,0,7.5,1,0,1,13.4101114087774,0.0172588306419272,0,0
"OT_OR_2",10,"trial","M","right","pole",1.9,2.1,51.27,51.27,0,8.73,1,0,1,13.7759657880157,0.0152258751230684,1,0
"OT_OR_2",12,"trial","M","right","pole",4.7,4.7,55.3,55.3,0,4.7,1,1,1,3.2522305317694,0.00667918863831717,1,0
"OT_OR_2",14,"trial","M","left","pole",1.67,1.83,53.1,53.1,0,6.9,1,0,1,15.2037467450769,0.0212687409001691,1,0
"OT_OR_2",16,"trial","M","right","pole",4.3,4.4,55.6,55.6,0,4.4,1,1,1,3.19437426001562,0.0070076655405748,0,0
"OT_OR_2",18,"trial","M","left","pole",0.4,3.83,24.13,54.6,0.23,5.17,1,0,1,25.2850029853643,0.047238142331606,1,0
"OT_OR_2",20,"trial","M","left","pole",3.57,3.83,54.57,54.57,0,5.43,1,0,1,7.15872825076742,0.0127177350074036,0,0
"OT_OR_2",22,"trial","M","left","pole",0.8,4.57,55.43,55.43,0,4.57,1,1,0,6.56961601219314,0.0138861201396298,1,0
"OT_OR_2",24,"trial","M","right","pole",2.1,2.13,57.87,57.87,0,2.13,1,1,1,4.47846755392382,0.0202633365434536,0,0
"OT_OR_2",26,"trial","M","right","pole",4.17,4.43,55.57,55.57,0,4.43,1,1,1,3.91520546698844,0.0085244117056386,1,0
"OT_OR_2",28,"trial","M","left","pole",2.83,3.73,56.27,56.27,0,3.73,1,1,1,5.37595304986151,0.0138994925103286,0,0
"OT_OR_2",30,"trial","M","left","pole",1.7,3.5,56.5,56.5,0,3.5,1,1,1,7.65915662878703,0.0211228809398429,1,0
"OT_OR_2",32,"trial","M","left","pole",3.03,3.1,54.17,54.17,0,5.8,1,0,1,12.7392339582482,0.0212009618530293,0,0
"OT_OR_2",34,"trial","M","right","pole",3.57,3.87,56.17,56.17,0,3.87,1,1,1,4.59959687100387,0.0114821516883667,0,0
"OT_OR_2",36,"trial","M","right","pole",3.97,4.8,50.53,50.53,0,9.47,1,0,0,17.7573234220005,0.0181059227887601,0,0
"OT_OR_2",38,"trial","M","right","pole",1.77,3.57,54.23,54.23,0,5.77,1,0,1,12.9073980216127,0.0216049914437688,0,0
"OT_OR_2",40,"trial","M","left","pole",3.83,4.7,52.77,52.77,0,7.23,1,0,0,15.10263795289,0.0201536901316078,1,0
"OT_OR_2",42,"trial","M","left","pole",2.07,1.17,13.93,54.03,1.8,4.17,1,0,1,25.1416961299457,0.0582433114979437,0,0
"OT_OR_2",44,"trial","M","left","pole",2.77,3.27,56.73,56.73,0,3.27,1,1,1,4.19784191768026,0.0124039927439138,1,0
"OT_OR_2",46,"trial","M","right","pole",2.73,2.73,57.27,57.27,0,2.73,1,1,1,3.48668364017128,0.0123128954239027,0,0
"OT_OR_2",48,"trial","M","left","unsafe",NA,0,NA,NA,NA,NA,0,NA,NA,NA,NA,NA,0
"OT_OR_2",50,"trial","M","right","pole",3.47,4.6,55.4,55.4,0,4.6,1,1,0,6.81455052096372,0.0142994597132863,0,0
"OT_OR_2",52,"trial","M","right","pole",3,3.67,56.33,56.33,0,3.67,1,1,0,4.03053791376278,0.0106104016683822,1,0
"OT_OR_2",54,"trial","M","left","pole",1.6,2.27,57.73,57.73,0,2.27,1,1,0,15.4220310103996,0.06567410434817,0,0
"OT_OR_2",56,"trial","M","right","pole",0.93,0.9,59.1,59.1,0,0.9,1,1,1,3.72646063038641,0.0399663302272245,0,0
"OT_OR_2",58,"trial","M","right","pole",3.47,4.53,52.97,52.97,0,7.03,1,0,1,12.1660521053652,0.0166966258834084,0,0
"OT_OR_2",60,"trial","M","left","pole",2.67,3.03,56.93,56.93,0,3.03,1,1,0,4.41379131590213,0.0140453285541457,0,0
"OT_OR_3",2,"trial","M","left","pole",0.37,0.33,59.7,59.7,0,0.33,1,1,1,20.8324183266271,0.603255356948662,NA,0
"OT_OR_3",4,"trial","M","right","pole",0.4,4.93,4.87,48.33,1.73,9.93,1,0,0,38.4760055634654,0.0373882565528219,1,0
"OT_OR_3",6,"trial","M","right","pole",0.47,2.3,51.2,51.2,0,8.8,1,0,0,32.3782901186625,0.0355149724888804,0,0
"OT_OR_3",8,"trial","M","right","pole",0.27,1,59,59,0,1,1,1,1,12.111919449992,0.116910419401467,1,0
"OT_OR_3",10,"trial","M","left","pole",0.33,0.53,57.6,57.6,0,2.43,1,0,1,15.7590413817963,0.0625127256378443,1,0
"OT_OR_3",12,"trial","M","right","pole",0.33,1,57.57,57.57,0,2.43,1,0,1,9.57034866844335,0.0379635135205612,1,0
"OT_OR_3",14,"trial","M","right","pole",0.37,1.63,57.37,57.37,0,2.63,1,0,0,10.5447913337235,0.038652038024987,0,0
"OT_OR_3",16,"trial","M","left","pole",0.77,2.03,57.97,57.97,0,2.03,1,1,1,12.6730590232049,0.0601607333844145,0,0
"OT_OR_3",18,"trial","M","left","pole",0.6,0.9,57.6,57.6,0,2.4,1,0,0,9.97339674818446,0.0401117951583995,0,0
"OT_OR_3",20,"trial","M","right","pole",0.27,2.23,55.57,55.57,0,4.43,1,0,0,11.1140220000295,0.0241980912707119,1,0
"OT_OR_3",22,"trial","M","left","pole",0.27,0.7,56.9,56.9,0,3.1,1,0,0,10.4006437073614,0.0323846173476191,1,0
"OT_OR_3",24,"trial","M","right","pole",0.3,2.57,55.03,55.03,0,4.97,1,0,1,10.6003455012581,0.0206013296518452,1,0
"OT_OR_3",26,"trial","M","right","pole",1.9,1.23,58.77,58.77,0,1.23,1,1,1,4.27452583419295,0.0334539744927967,1,0
"OT_OR_3",28,"trial","M","left","pole",0.6,0.67,56.2,56.2,0,3.8,1,0,1,6.39676057872676,0.0162486297976193,1,0
"OT_OR_3",30,"trial","M","right","pole",0.17,0.13,59.87,59.87,0,0.13,1,1,1,1.96058780207782,0.141934445131116,0,0
"OT_OR_3",32,"trial","M","left","pole",0.37,2.4,57.6,57.6,0,2.4,1,1,0,8.64294660097119,0.0347608856216666,0,0
"OT_OR_3",34,"trial","M","left","pole",0.57,2.27,57.73,57.73,0,2.27,1,1,1,8.76746195961106,0.0373358872910986,1,0
"OT_OR_3",36,"trial","M","left","pole",0.4,0.57,58,58,0,2,1,0,1,7.50578309560349,0.0362248218899782,0,0
"OT_OR_3",38,"trial","M","right","pole",1.13,1.5,58.5,58.5,0,1.5,1,1,1,3.23321442158442,0.0208057556086513,0,0
"OT_OR_3",40,"trial","M","left","safe",NA,0,NA,NA,NA,NA,0,NA,NA,NA,NA,NA,0
"OT_OR_3",42,"trial","M","left","pole",1.43,2.77,57.23,57.23,0,2.77,1,1,0,6.03436465446012,0.0210530468941949,1,0
"OT_OR_3",44,"trial","M","left","pole",0.3,0.53,56.8,56.8,0,3.2,1,0,1,11.1965234712272,0.0337732971501784,0,0
"OT_OR_3",46,"trial","M","right","pole",0.4,1,59.03,59.03,0,1,1,1,0,4.9926529078453,0.0481916303846071,0,0
"OT_OR_3",48,"trial","M","right","pole",0.33,2.27,55.5,55.5,0,4.5,1,0,0,10.0185793660703,0.021489874230095,0,0
"OT_OR_3",50,"trial","M","left","safe",NA,0,NA,NA,NA,NA,0,NA,NA,NA,NA,NA,0
"OT_OR_3",52,"trial","M","right","safe",NA,0,NA,NA,NA,NA,0,NA,NA,NA,NA,NA,0
"OT_OR_3",54,"trial","M","left","pole",1.37,4.13,55.87,55.87,0,4.13,1,1,0,5.43177544529257,0.0126847415119237,0,0
"OT_OR_3",56,"trial","M","right","pole",16.5,1.93,58.07,58.07,0,1.93,1,1,1,4.60799916974388,0.0230062533438151,0,0
"OT_OR_3",58,"trial","M","left","pole",0.53,0.27,0.33,59,0.73,0.27,1,1,1,7.93880684989838,0.287360286555202,0,0
"OT_OR_3",60,"trial","M","right","pole",1.07,2.47,57.5,57.5,0,2.47,1,1,1,5.2323655927483,0.0204751862389712,0,0
"TT_CS_1",2,"trial","M","left","pole",0.73,1.93,9.37,52.47,5.5,1.93,1,1,1,51.7034331270234,0.258138562410249,NA,0
"TT_CS_1",4,"trial","M","right","pole",0.87,0.07,14.57,48.8,2.43,8.8,1,0,1,31.8582873988962,0.0349445939352582,1,0
"TT_CS_1",6,"trial","M","right","pole",0.33,1.57,51.57,51.57,0,8.43,1,0,1,35.5549322595304,0.040694979465942,0,0
"TT_CS_1",8,"trial","M","right","safe",NA,0,NA,NA,NA,NA,0,NA,NA,NA,NA,NA,0
"TT_CS_1",10,"trial","M","left","pole",4.37,5.23,52.53,52.53,0,7.47,1,0,1,13.6985391641892,0.0177087430590559,1,0
"TT_CS_1",12,"trial","M","left","pole",4.57,4.57,24.77,55.27,0.17,4.57,1,1,1,17.8998787340623,0.0378347632684573,1,0
"TT_CS_1",14,"trial","M","right","pole",1.8,3,5.23,54.33,2.67,3,1,1,1,26.6981078520433,0.0859012479151971,0,0
"TT_CS_1",16,"trial","M","left","unsafe",NA,0,NA,NA,NA,NA,0,NA,NA,NA,NA,NA,0
"TT_CS_1",18,"trial","M","left","pole",2.73,2.8,8.77,44.9,8.43,6.67,1,0,1,19.6601554090999,0.0284654759784265,0,0
"TT_CS_1",20,"trial","M","left","unsafe",NA,0,NA,NA,NA,NA,0,NA,NA,NA,NA,NA,0
"TT_CS_1",22,"trial","M","right","pole",2.97,5.13,42.97,51.9,2.97,5.13,1,1,1,25.4585802827121,0.0478712711528709,0,0
"TT_CS_1",24,"trial","M","right","safe",NA,0,NA,NA,NA,NA,0,NA,NA,NA,NA,NA,0
"TT_CS_1",26,"trial","M","right","pole",0.4,0.1,59.9,59.9,0,0.1,1,1,1,13.2096054686101,1.27505844291603,1,0
"TT_CS_1",28,"trial","M","left","pole",1.87,1.93,20.7,29.63,22.07,8.3,1,0,1,18.8686294338863,0.0219433286433994,1,0
"TT_CS_1",30,"trial","M","left","pole",2.8,7.3,52.7,52.7,0,7.3,1,1,0,14.7787741167069,0.0195414054539415,1,0
"TT_CS_1",32,"trial","M","right","pole",1.83,1.4,8.77,47.33,2.27,10.4,1,0,1,31.8613547387299,0.0295713494382331,1,0
"TT_CS_1",34,"trial","M","right","pole",2.57,3.13,54.63,54.63,0,5.37,1,0,1,18.9609383103078,0.0341032248560657,0,0
"TT_CS_1",36,"trial","M","left","pole",3.67,3.43,10.13,49.57,0.17,10.27,1,0,1,13.0736992876246,0.0122916242111498,1,0
"TT_CS_1",38,"trial","M","right","pole",4.13,4.6,55.4,55.4,0,4.6,1,1,1,2.95889019385871,0.00620885133846465,0,0
"TT_CS_1",40,"trial","M","right","pole",1.7,4.97,55.03,55.03,0,4.97,1,1,1,14.683169769572,0.0285361284423285,1,0
"TT_CS_1",42,"trial","M","right","pole",3.03,5.87,54.13,54.13,0,5.87,1,1,0,14.3913038876784,0.0236782158559118,1,0
"TT_CS_1",44,"trial","M","left","unsafe",NA,0,NA,NA,NA,NA,0,NA,NA,NA,NA,NA,0
"TT_CS_1",46,"trial","M","left","pole",2.6,3.97,56.03,56.03,0,3.97,1,1,1,10.9630672635266,0.0266775914073034,1,0
"TT_CS_1",48,"trial","M","right","pole",3.93,5.4,49.3,49.3,0,10.7,1,0,1,19.3616569251282,0.0174662224634,1,0
"TT_CS_1",50,"trial","M","right","pole",0.07,5.47,33,54.3,0.23,5.47,1,1,1,21.584110679063,0.0381111286592363,1,0
"TT_CS_1",52,"trial","M","left","pole",3.5,3.53,56.47,56.47,0,3.53,1,1,1,7.50261060305428,0.0204959494146234,0,0
"TT_CS_1",54,"trial","M","left","pole",3.17,4.13,52.37,52.37,0,7.63,1,0,1,15.4285646103681,0.0195097426409537,0,0
"TT_CS_1",56,"trial","M","left","pole",2.37,2.37,57.63,57.63,0,2.37,1,1,1,8.65632966990478,0.0353050587439697,1,0
"TT_CS_1",58,"trial","M","right","pole",3.97,6.5,53.5,53.5,0,6.5,1,1,1,10.7106034363209,0.0159052620081986,0,0
"TT_CS_1",60,"trial","M","left","pole",5.43,5.5,54.47,54.47,0,5.5,1,1,1,4.18417551789086,0.00734323537713383,0,0
"TT_CS_2",2,"trial","M","left","pole",1.8,2.47,25.57,57.03,0.5,2.47,1,1,1,30.8357646783599,0.120665884946102,NA,0
"TT_CS_2",4,"trial","M","right","pole",2.43,2.5,7.57,39.23,15.57,5.2,1,0,1,82.8965560237998,0.153876885996064,1,0
"TT_CS_2",6,"trial","M","left","safe",NA,0,NA,NA,NA,NA,0,NA,NA,NA,NA,NA,0
"TT_CS_2",8,"trial","M","left","unsafe",NA,0,NA,NA,NA,NA,0,NA,NA,NA,NA,NA,0
"TT_CS_2",10,"trial","M","right","pole",1.13,2.1,4.47,45.97,11.97,2.1,1,1,0,77.1335516920262,0.354539215352207,0,0
"TT_CS_2",12,"trial","M","right","unsafe",NA,0,NA,NA,NA,NA,0,NA,NA,NA,NA,NA,0
"TT_CS_2",14,"trial","M","right","pole",1.8,3.8,1.5,49.93,5,5.07,1,0,1,25.3335634441866,0.0482629866468705,0,0
"TT_CS_2",16,"trial","M","left","pole",1.47,2.13,54.6,54.6,0,5.4,1,0,0,14.9484527936093,0.0267203860889628,1,0
"TT_CS_2",18,"trial","M","left","safe",NA,0,NA,NA,NA,NA,0,NA,NA,NA,NA,NA,0
"TT_CS_2",20,"trial","M","right","pole",2.37,3.3,53.57,53.57,0,6.43,1,0,1,13.9556664922333,0.0209389438637546,1,0
"TT_CS_2",22,"trial","M","left","pole",0.77,1.07,5.07,55.57,3.33,1.07,1,1,1,29.3994631091458,0.266042438849655,0,0
"TT_CS_2",24,"trial","M","left","pole",2.3,2.53,52.53,52.53,0,7.47,1,0,1,22.2581022401109,0.0287740910784665,0,0
"TT_CS_2",26,"trial","M","right","pole",1.13,1.37,4.53,46.9,11.73,1.37,1,1,1,73.9824941251026,0.522524442921433,0,0
"TT_CS_2",28,"trial","M","left","unsafe",NA,0,NA,NA,NA,NA,0,NA,NA,NA,NA,NA,0
"TT_CS_2",30,"trial","M","right","pole",1.87,3,57,57,0,3,1,1,0,6.41952857462848,0.020654853843721,0,0
"TT_CS_2",32,"trial","M","right","pole",1.7,2.5,55.17,55.17,0,4.83,1,0,1,14.7147463064769,0.029386392570517,0,0
"TT_CS_2",34,"trial","M","right","pole",1.17,2.97,57.03,57.03,0,2.97,1,1,0,5.80934316833316,0.0189015980922731,1,0
"TT_CS_2",36,"trial","M","left","pole",2.23,5.67,52.2,52.2,0,7.8,1,0,0,15.7328322862037,0.0194693994235765,1,0
"TT_CS_2",38,"trial","M","left","pole",2.93,3.37,56.63,56.63,0,3.37,1,1,1,3.33390090202754,0.00955856751603904,1,0
"TT_CS_2",40,"trial","M","right","pole",2.2,2.87,54.57,54.57,0,5.43,1,0,1,13.2746996342854,0.0235829754025962,1,0
"TT_CS_2",42,"trial","M","left","pole",2.67,3.3,56.7,56.7,0,3.3,1,1,1,8.52865648537915,0.0249463451660792,0,0
"TT_CS_2",44,"trial","M","right","pole",1.77,3.2,13.63,54.63,0.5,4.87,1,0,1,20.1455538583963,0.0399565383027376,1,0
"TT_CS_2",46,"trial","M","right","pole",1.8,4.37,55.63,55.63,0,4.37,1,1,0,11.5691315352508,0.025573546675228,1,0
"TT_CS_2",48,"trial","M","left","pole",1.27,2.07,56.47,56.47,0,3.53,1,0,0,12.7100688474441,0.0347219044058538,1,0
"TT_CS_2",50,"trial","M","left","pole",0.73,1.63,58.37,58.37,0,1.63,1,1,1,9.07542531959524,0.0536330390804226,1,0
"TT_CS_2",52,"trial","M","right","pole",3.57,5.17,52.53,52.53,0,7.47,1,0,1,17.5187544475373,0.0226473142506428,1,0
"TT_CS_2",54,"trial","M","left","pole",1.13,1.47,49.8,49.8,0,10.2,1,0,1,23.2524773552067,0.0220043884427348,1,0
"TT_CS_2",56,"trial","M","right","pole",3.43,3.8,45.67,53.83,0.63,5.53,1,0,1,12.7987155279984,0.0223264563566981,1,0
"TT_CS_2",58,"trial","M","right","pole",0.57,1.07,58.93,58.93,0,1.07,1,1,1,5.48954254838026,0.0496761210338465,1,0
"TT_CS_2",60,"trial","M","left","pole",2.53,2.6,57.37,57.37,0,2.6,1,1,1,2.77675656403816,0.0103087190527107,0,0
"TT_CS_3",2,"trial","M","left","unsafe",NA,0,NA,NA,NA,NA,0,NA,NA,NA,NA,NA,0
"TT_CS_3",4,"trial","M","right","safe",NA,0,NA,NA,NA,NA,0,NA,NA,NA,NA,NA,0
"TT_CS_3",6,"trial","M","right","pole",1.87,1.97,28,50.53,0.2,8.73,1,0,1,31.1909421503978,0.0344737637607922,0,0
"TT_CS_3",8,"trial","M","right","safe",NA,0,NA,NA,NA,NA,0,NA,NA,NA,NA,NA,0
"TT_CS_3",10,"trial","M","left","pole",2.07,2.83,56.67,56.67,0,2.83,1,1,0,15.3585214456988,0.0523229211186651,0,0
"TT_CS_3",12,"trial","M","left","pole",1.33,1.67,57.8,57.8,0,1.67,1,1,1,33.2932562523255,0.19281808640343,1,0
"TT_CS_3",14,"trial","M","left","safe",NA,0,NA,NA,NA,NA,0,NA,NA,NA,NA,NA,0
"TT_CS_3",16,"trial","M","right","pole",1.73,1.8,32.27,32.27,0,27.2,1,0,1,39.6312867617611,0.0140640212503411,1,0
"TT_CS_3",18,"trial","M","right","pole",1.43,2.27,51.77,51.77,0,7.7,1,0,1,27.0017526846899,0.0338486595355386,0,0
"TT_CS_3",20,"trial","M","left","pole",1.07,1.73,57.73,57.73,0,1.73,1,1,0,23.1191680737021,0.128744995955424,0,0
"TT_CS_3",22,"trial","M","left","pole",1.33,2.13,57.33,57.33,0,2.13,1,1,0,20.0963900360565,0.0909284056892036,1,0
"TT_CS_3",24,"trial","M","right","pole",0.73,3.57,53.9,53.9,0,5.6,1,0,0,17.9248498810131,0.0308963904457616,1,0
"TT_CS_3",26,"trial","M","left","pole",1.83,2.43,57.03,57.03,0,2.43,1,1,0,16.2035914750169,0.0642761601854482,0,0
"TT_CS_3",28,"trial","M","right","pole",2.27,2.3,30.27,50.93,6.27,2.3,1,1,1,31.8561273218901,0.133691989767879,0,0
"TT_CS_3",30,"trial","M","left","pole",1.93,2.63,53.37,53.37,0,6.1,1,0,0,14.1951548983578,0.0224621097828309,1,0
"TT_CS_3",32,"trial","M","right","pole",2.07,2.83,47.8,47.8,0,11.67,1,0,0,24.4061604859012,0.0201926314003595,1,0
"TT_CS_3",34,"trial","M","right","pole",1.3,3.13,56.33,56.33,0,3.13,1,1,1,6.07703365581226,0.0187208380919214,1,0
"TT_CS_3",36,"trial","M","left","pole",2.57,2.87,56.57,56.57,0,2.87,1,1,1,20.4607440236895,0.068894486925416,0,0
"TT_CS_3",38,"trial","M","right","pole",2.47,3.33,4.13,38.37,4.07,17.13,1,0,0,55.0075086067086,0.0309899129058421,1,0
"TT_CS_3",40,"trial","M","right","safe",NA,0,NA,NA,NA,NA,0,NA,NA,NA,NA,NA,0
"TT_CS_3",42,"trial","M","left","pole",1.2,2.07,57.43,57.43,0,2.07,1,1,0,13.5622125990125,0.0633432522683984,0,0
"TT_CS_3",44,"trial","M","right","safe",NA,0,NA,NA,NA,NA,0,NA,NA,NA,NA,NA,0
"TT_CS_3",46,"trial","M","left","pole",1.7,2.23,52.83,52.83,0,6.63,1,0,1,12.8578291255371,0.0187100984539548,1,0
"TT_CS_3",48,"trial","M","right","pole",3.87,4,55.5,55.5,0,4,1,1,1,8.35564534809455,0.0201632368438575,0,0
"TT_CS_3",50,"trial","M","left","pole",2.77,4.43,1.37,53.37,0.23,5.87,1,0,1,9.71140433940362,0.0159783109304859,1,0
"TT_CS_3",52,"trial","M","left","pole",1.87,2.07,0.53,54.17,0.07,5.23,1,0,1,8.6840521249373,0.0160171140685709,0,0
"TT_CS_3",54,"trial","M","right","pole",2.8,3.97,51.9,51.9,0,7.6,1,0,1,13.3961814155811,0.0170140487395615,1,0
"TT_CS_3",56,"trial","M","left","pole",1.6,2.63,53.6,53.6,0,5.87,1,0,1,13.6904931568374,0.0225251620472711,1,0
"TT_CS_3",58,"trial","M","right","pole",1.67,1,27.4,58.43,0.03,1,1,1,1,15.2511308506123,0.147211687747223,0,0
"TT_CS_3",60,"trial","M","left","pole",2.27,4.6,54.87,54.87,0,4.6,1,1,0,6.96401482241331,0.0146130913681663,0,0
"TT_OR_1",2,"trial","M","right","pole",1.9,3.77,51.97,51.97,0,8.03,1,0,1,14.5306699346562,0.01745943134461,NA,0
"TT_OR_1",4,"trial","M","right","pole",2.2,3.23,56.77,56.77,0,3.23,1,1,0,7.6994905867499,0.0229853836725806,1,0
"TT_OR_1",6,"trial","M","left","pole",3,3.5,52.83,52.83,0,7.17,1,0,0,12.8831317503408,0.0173517981732165,1,0
"TT_OR_1",8,"trial","M","left","pole",1.5,2.2,1.17,43.93,6.87,9.2,1,0,0,33.6158622207988,0.0352692863656191,0,0
"TT_OR_1",10,"trial","M","right","pole",0.93,2.83,55.43,55.43,0,4.57,1,0,1,14.530184597097,0.0307122803816552,1,0
"TT_OR_1",12,"trial","M","right","pole",3.8,4.03,52.87,52.87,0,7.13,1,0,1,8.24170635052809,0.0111523107619097,0,0
"TT_OR_1",14,"trial","M","right","pole",3.77,4.37,54.4,54.4,0,5.63,1,0,1,9.43760416899327,0.0161709879297822,0,0
"TT_OR_1",16,"trial","M","left","pole",1.8,3.17,51.3,51.3,0,8.67,1,0,1,12.5720440267285,0.0140021280368969,1,0
"TT_OR_1",18,"trial","M","left","pole",3.77,3.67,56.33,56.33,0,3.67,1,1,1,5.06085318313825,0.0133227093273208,1,0
"TT_OR_1",20,"trial","M","right","pole",3.43,4.13,55.87,55.87,0,4.13,1,1,0,7.31520772412295,0.0170830918952927,0,0
"TT_OR_1",22,"trial","M","right","pole",2.1,2.67,57.33,57.33,0,2.67,1,1,1,1.73269636369584,0.00627182564079091,1,0
"TT_OR_1",24,"trial","M","left","safe",NA,0,NA,NA,NA,NA,0,NA,NA,NA,NA,NA,0
"TT_OR_1",26,"trial","M","right","pole",1.43,2.53,57.47,57.47,0,2.53,1,1,0,5.18922095735008,0.0197719758078265,0,0
"TT_OR_1",28,"trial","M","left","pole",2.23,2.53,57.47,57.47,0,2.53,1,1,1,1.48217753801624,0.00564739460227688,0,0
"TT_OR_1",30,"trial","M","left","pole",1.7,4.73,7.8,52.87,0.33,6.77,1,0,0,13.4543737886758,0.0191923851522659,0,0
"TT_OR_1",32,"trial","M","right","unsafe",NA,0,NA,NA,NA,NA,0,NA,NA,NA,NA,NA,0
"TT_OR_1",34,"trial","M","left","pole",2.9,5.27,51.6,51.6,0,8.43,1,0,1,12.6074940949273,0.0144301136496338,1,0
"TT_OR_1",36,"trial","M","left","pole",3,6.43,0.57,51.4,0.5,8.1,1,0,1,11.8527686973864,0.0141245634889489,0,0
"TT_OR_1",38,"trial","M","right","pole",24.03,2.33,57.67,57.67,0,2.33,1,1,1,2.45243278575625,0.0101451990585614,0,0
"TT_OR_1",40,"trial","M","left","pole",2.97,3.03,52.27,52.27,0,7.73,1,0,1,11.387054307208,0.0142129721914626,1,0
"TT_OR_1",42,"trial","M","right","pole",2.6,5.93,54.07,54.07,0,5.93,1,1,0,8.68317726002504,0.0141260312893557,0,0
"TT_OR_1",44,"trial","M","left","pole",3.73,6.1,50.73,50.73,0,9.27,1,0,1,12.7715694586036,0.0133033486485829,1,0
"TT_OR_1",46,"trial","M","right","pole",3.37,3.57,56.43,56.43,0,3.57,1,1,1,1.1740699499024,0.00317739855817414,0,0
"TT_OR_1",48,"trial","M","right","pole",3.77,3.77,56.23,56.23,0,3.77,1,1,1,4.08087492402846,0.0104577038747441,1,0
"TT_OR_1",50,"trial","M","left","safe",NA,0,NA,NA,NA,NA,0,NA,NA,NA,NA,NA,0
"TT_OR_1",52,"trial","M","right","pole",3.97,7.13,52.9,52.9,0,7.13,1,1,0,11.3769345085656,0.0153947621719486,0,0
"TT_OR_1",54,"trial","M","left","pole",3,4.4,49.97,49.97,0,10,1,0,0,15.7078931280452,0.0151620590039046,1,0
"TT_OR_1",56,"trial","M","left","safe",NA,0,NA,NA,NA,NA,0,NA,NA,NA,NA,NA,0
"TT_OR_1",58,"trial","M","right","pole",4.8,6.63,53.37,53.37,0,6.63,1,1,0,5.51188191277566,0.0080206271406875,0,0
"TT_OR_1",60,"trial","M","left","safe",NA,0,NA,NA,NA,NA,0,NA,NA,NA,NA,NA,0
"TT_OR_2",2,"trial","M","left","unsafe",NA,0,NA,NA,NA,NA,0,NA,NA,NA,NA,NA,0
"TT_OR_2",4,"trial","M","left","pole",0.77,2.13,19.17,52.47,0.6,6.93,1,0,1,29.9919141717204,0.0417544097653517,0,0
"TT_OR_2",6,"trial","M","right","pole",1.47,2.5,54.63,54.63,0,5.37,1,0,0,14.3839335119698,0.0258710044221141,1,0
"TT_OR_2",8,"trial","M","left","pole",2.07,9.17,50.83,50.83,0,9.17,1,1,0,4.93253605684342,0.00519396566182178,0,0
"TT_OR_2",10,"trial","M","left","pole",1.57,2.4,57.6,57.6,0,2.4,1,1,0,5.98006683436426,0.0240511053505641,1,0
"TT_OR_2",12,"trial","M","right","pole",1.53,3.1,56.9,56.9,0,3.1,1,1,1,7.57408997666597,0.0235835408415306,0,0
"TT_OR_2",14,"trial","M","left","pole",0.93,2.93,53.4,53.4,0,6.6,1,0,1,22.088313285898,0.0323041904848164,1,0
"TT_OR_2",16,"trial","M","left","pole",1.17,3.37,55,55,0,5,1,0,1,14.1137462213206,0.0272466143268738,0,0
"TT_OR_2",18,"trial","M","right","pole",0.77,2.1,0.17,54.43,0.07,5.53,1,0,1,15.3839772812652,0.026836263108687,1,0
"TT_OR_2",20,"trial","M","right","pole",0.77,1.3,56.8,56.8,0,3.23,1,0,1,7.83340148929873,0.0233851495321978,0,0
"TT_OR_2",22,"trial","M","left","unsafe",NA,0,NA,NA,NA,NA,0,NA,NA,NA,NA,NA,0
"TT_OR_2",24,"trial","M","left","pole",3,3.47,56.53,56.53,0,3.47,1,1,1,5.60396872781189,0.0156035660300672,1,0
"TT_OR_2",26,"trial","M","left","pole",2.03,2.07,54.6,54.6,0,5.4,1,0,1,10.9433439053203,0.0195612467920069,0,0
"TT_OR_2",28,"trial","M","right","pole",1.7,1.97,58.03,58.03,0,1.97,1,1,1,7.02947902296167,0.0345010749769076,0,0
"TT_OR_2",30,"trial","M","right","pole",1.57,3.03,56.97,56.97,0,3.03,1,1,1,3.78078851577577,0.0120310212008648,1,0
"TT_OR_2",32,"trial","M","left","pole",2.53,2.5,20.57,53.67,1,5.33,1,0,1,21.4096578575425,0.0387481742112858,1,0
"TT_OR_2",34,"trial","M","right","pole",0.2,1.53,3.73,58.13,0.33,1.53,1,1,0,13.3598553276261,0.0841018255474195,0,0
"TT_OR_2",36,"trial","M","left","pole",2.4,3.03,56.97,56.97,0,3.03,1,1,1,7.80550612831882,0.0248382604108749,0,0
"TT_OR_2",38,"trial","M","right","pole",0.63,1.7,57.23,57.23,0,2.77,1,0,0,8.03575117319119,0.0280356020835158,1,0
"TT_OR_2",40,"trial","M","right","pole",0.27,0.93,56.23,56.23,0,3.77,1,0,0,9.76906255149357,0.0250343284710431,0,0
"TT_OR_2",42,"trial","M","left","pole",1.97,2.4,57.6,57.6,0,2.4,1,1,0,6.16747235391444,0.0248048276782273,0,0
"TT_OR_2",44,"trial","M","left","pole",1.33,1.67,54.43,54.43,0,5.57,1,0,1,12.2566432671135,0.021252820498775,0,0
"TT_OR_2",46,"trial","M","right","pole",1.83,3.6,56.4,56.4,0,3.6,1,1,1,6.56249477741133,0.0175957067176408,0,0
"TT_OR_2",48,"trial","M","right","pole",1.6,1.77,55.67,55.67,0,4.33,1,0,1,12.0432407815636,0.0268263456672786,0,0
"TT_OR_2",50,"trial","M","right","pole",1.6,3.73,56.27,56.27,0,3.73,1,1,1,7.34646133316269,0.0189942291777166,1,0
"TT_OR_2",52,"trial","M","left","pole",1.57,3.97,56.03,56.03,0,3.97,1,1,0,7.46247515564709,0.018159230286932,0,0
"TT_OR_2",54,"trial","M","right","pole",2.57,3.2,56.8,56.8,0,3.2,1,1,1,3.30354026157016,0.00996482945695632,0,0
"TT_OR_2",56,"trial","M","right","pole",2.17,2.57,57.43,57.43,0,2.57,1,1,1,2.28230910552296,0.00858312104067705,1,0
"TT_OR_2",58,"trial","M","left","pole",1.23,1.3,3.47,58.6,0.1,1.3,1,1,1,6.22467453010197,0.0462182546042617,0,0
"TT_OR_2",60,"trial","M","right","pole",0.53,0.83,3.13,57.73,0.1,2.13,1,0,1,16.6062038574335,0.0751366607931657,1,0
"TT_OR_3",2,"trial","M","left","pole",2.23,3.67,55.8,55.8,0,3.67,1,1,1,9.73253377298071,0.0256209207782925,NA,0
"TT_OR_3",4,"trial","M","right","pole",0.73,4.27,55.2,55.2,0,4.27,1,1,1,10.8913791694517,0.0246396427880332,0,0
"TT_OR_3",6,"trial","M","right","safe",NA,0,NA,NA,NA,NA,0,NA,NA,NA,NA,NA,0
"TT_OR_3",8,"trial","M","right","pole",1.5,6.37,53.1,53.1,0,6.37,1,1,1,5.60054026153951,0.00849098464928467,1,0
"TT_OR_3",10,"trial","M","left","pole",2.03,2,57.47,57.47,0,2,1,1,1,6.70745385684336,0.0323718815484718,0,0
"TT_OR_3",12,"trial","M","left","pole",2.6,3.07,53.07,53.07,0,6.4,1,0,1,15.5816791053043,0.0235003606197277,0,0
"TT_OR_3",14,"trial","M","right","pole",7.13,7.03,52.43,52.43,0,7.03,1,1,1,3.84751740552469,0.00528031263910322,0,0
"TT_OR_3",16,"trial","M","left","pole",1.97,2.67,56.8,56.8,0,2.67,1,1,0,6.25548436905255,0.0226429212200261,0,0
"TT_OR_3",18,"trial","M","left","pole",2.03,2.2,57.23,57.23,0,2.2,1,1,1,5.97157536786144,0.0262003131268052,1,0
"TT_OR_3",20,"trial","M","left","pole",1.43,1.5,54.57,54.57,0,4.9,1,0,1,16.300133016611,0.0321096308734753,0,0
"TT_OR_3",22,"trial","M","right","pole",4.03,4.83,52.7,52.7,0,6.77,1,0,0,13.6894597860928,0.0195277304516606,1,0
"TT_OR_3",24,"trial","M","left","pole",1.8,3.2,56.27,56.27,0,3.2,1,1,0,6.54026394223381,0.0197281127601165,0,0
"TT_OR_3",26,"trial","M","right","pole",1.83,2.87,53.77,53.77,0,5.7,1,0,0,9.86319695513301,0.016702562072636,1,0
"TT_OR_3",28,"trial","M","right","pole",NA,3.67,55.8,55.8,0,3.67,1,1,1,1.23626710662693,0.0032544764126718,1,0
"TT_OR_3",30,"trial","M","left","pole",2.47,3.13,56.33,56.33,0,3.13,1,1,0,5.18782858097829,0.0159815634425931,0,0
"TT_OR_3",32,"trial","M","right","pole",1.13,1.03,55.23,55.23,0,4.23,1,0,1,12.4058402610205,0.0282868093386599,1,0
"TT_OR_3",34,"trial","M","left","pole",3.1,3.4,53.3,53.3,0,6.13,1,0,1,15.0824781214447,0.0237364835300561,1,0
"TT_OR_3",36,"trial","M","right","pole",2.47,3.23,54.13,54.13,0,5.33,1,0,0,11.7529550508152,0.0212710335137822,1,0
"TT_OR_3",38,"trial","M","right","pole",3.33,3.97,53,53,0,6.47,1,0,1,12.8940719133571,0.0192464155057474,0,0
"TT_OR_3",40,"trial","M","left","pole",3.27,4.03,55.43,55.43,0,4.03,1,1,0,2.72398741333943,0.00651900366956371,0,0
"TT_OR_3",42,"trial","M","right","pole",2.6,2.87,56.6,56.6,0,2.87,1,1,1,4.47312138344945,0.0150616909292767,0,0
"TT_OR_3",44,"trial","M","left","pole",3.03,3.87,55.6,55.6,0,3.87,1,1,1,2.47845494099451,0.00618706299342925,0,0
"TT_OR_3",46,"trial","M","right","pole",3.6,3.9,55.57,55.57,0,3.9,1,1,1,3.9988886934251,0.00989725941348653,0,0
"TT_OR_3",48,"trial","M","right","pole",2.97,3.87,51.5,51.5,0,7.97,1,0,1,14.7805078351088,0.0179082419933953,0,0
"TT_OR_3",50,"trial","M","right","pole",3.33,4.03,53.27,53.27,0,6.23,1,0,1,7.8467412790597,0.012150921808054,0,0
"TT_OR_3",52,"trial","M","left","unsafe",NA,0,NA,NA,NA,NA,0,NA,NA,NA,NA,NA,0
"TT_OR_3",54,"trial","M","right","pole",2.43,2.63,54.4,54.4,0,5.07,1,0,1,12.0340291563675,0.0229260360375829,1,0
"TT_OR_3",56,"trial","M","left","pole",3.6,4.1,55.37,55.37,0,4.1,1,1,1,2.71025355322014,0.00638067038614781,0,0
"TT_OR_3",58,"trial","M","left","pole",0.6,1.53,55.57,55.57,0,3.9,1,0,0,12.0229533786726,0.0297568393690541,0,0
"TT_OR_3",60,"trial","M","left","pole",1,0.7,55.43,55.43,0,4.03,1,0,1,11.7947359444459,0.0282269758394794,0,0
